feature,coefficient
temperature_C,0.56170110850723
humidity_percent,-0.053490766174183246
meals_served,7.132409805529412
special_event,2.613751657837811
day_of_week,0.4135255143736892
kitchen_staff,-0.38576613422888034
staff_experience,-0.40362587088755747
