feature,coefficient
temperature_C,0.04631296903863062
humidity_percent,0.9917871230665285
meals_served,6.082641470798671
special_event,2.846276136961349
day_of_week,-0.3545912038705339
kitchen_staff,0.8474504917439386
staff_experience,-1.8827888240647719
