feature,importance_mean,importance_std
meals_served,78.64739444661232,10.299091000012139
special_event,19.609033593783376,3.629553116230651
staff_experience,6.87326561867275,2.4717506436886763
humidity_percent,1.8445905377483602,1.2395336375518438
kitchen_staff,1.4172167222835825,0.8841406732511667
day_of_week,0.1622691679240712,0.3254956660924234
temperature_C,0.0004258390939890925,0.049096219763671164
