feature,importance_mean,importance_std
meals_served,74.21437102455647,7.908867398004087
special_event,34.40437294451609,6.009718994811255
humidity_percent,6.220348889710855,2.2570914621246723
temperature_C,3.479442085622021,1.471631924730243
kitchen_staff,2.262400250668605,1.21148780445474
staff_experience,1.6612306244192125,1.0509557059220165
day_of_week,0.3755289977412138,0.5836575239945876
