feature,importance_mean,importance_std
meals_served,97.83667908472972,9.88046805892
special_event,11.251419293762561,2.939180355281836
temperature_C,0.5862989191411226,0.725295663231116
kitchen_staff,0.400939813724419,0.6639880258057724
staff_experience,0.36244633707955337,0.484899388861037
day_of_week,0.22408384080601895,0.5100519539801319
humidity_percent,0.011579795046372491,0.05302536057584727
