feature,coefficient
temperature_C,1.2532993856627204
humidity_percent,1.735464307808149
meals_served,6.147107188149769
special_event,3.957024682531492
day_of_week,0.42589981605370075
kitchen_staff,1.0824334601583672
staff_experience,-0.9914428037630186
